-1,7,xJs6RLCrFW7JgpghPPAWqDIt/6c=,eoCrf8aLUeqRACM4YFD6CWrxw4Y=
-5,0,xJs6RLCrFW7JgpghPPAWqDIt/6c=,eoCrf8aLUeqRACM4YFD6CWrxw4Y=
-5,2,xJs6RLCrFW7JgpghPPAWqDIt/6c=,eoCrf8aLUeqRACM4YFD6CWrxw4Y=
-6,2,xJs6RLCrFW7JgpghPPAWqDIt/6c=,eoCrf8aLUeqRACM4YFD6CWrxw4Y=
-8,2,xJs6RLCrFW7JgpghPPAWqDIt/6c=,eoCrf8aLUeqRACM4YFD6CWrxw4Y=
-7,2,xJs6RLCrFW7JgpghPPAWqDIt/6c=,eoCrf8aLUeqRACM4YFD6CWrxw4Y=
-8,0,xJs6RLCrFW7JgpghPPAWqDIt/6c=,eoCrf8aLUeqRACM4YFD6CWrxw4Y=
-5,3,xJs6RLCrFW7JgpghPPAWqDIt/6c=,eoCrf8aLUeqRACM4YFD6CWrxw4Y=
-6,3,xJs6RLCrFW7JgpghPPAWqDIt/6c=,eoCrf8aLUeqRACM4YFD6CWrxw4Y=
-2,7,xJs6RLCrFW7JgpghPPAWqDIt/6c=,eoCrf8aLUeqRACM4YFD6CWrxw4Y=
-5,1,xJs6RLCrFW7JgpghPPAWqDIt/6c=,eoCrf8aLUeqRACM4YFD6CWrxw4Y=
-6,1,xJs6RLCrFW7JgpghPPAWqDIt/6c=,eoCrf8aLUeqRACM4YFD6CWrxw4Y=
-4,7,xJs6RLCrFW7JgpghPPAWqDIt/6c=,eoCrf8aLUeqRACM4YFD6CWrxw4Y=
-3,7,xJs6RLCrFW7JgpghPPAWqDIt/6c=,eoCrf8aLUeqRACM4YFD6CWrxw4Y=
-5,7,xJs6RLCrFW7JgpghPPAWqDIt/6c=,eoCrf8aLUeqRACM4YFD6CWrxw4Y=
-6,7,xJs6RLCrFW7JgpghPPAWqDIt/6c=,eoCrf8aLUeqRACM4YFD6CWrxw4Y=
-7,7,xJs6RLCrFW7JgpghPPAWqDIt/6c=,eoCrf8aLUeqRACM4YFD6CWrxw4Y=
-8,7,xJs6RLCrFW7JgpghPPAWqDIt/6c=,eoCrf8aLUeqRACM4YFD6CWrxw4Y=
-7,1,xJs6RLCrFW7JgpghPPAWqDIt/6c=,eoCrf8aLUeqRACM4YFD6CWrxw4Y=
-7,3,xJs6RLCrFW7JgpghPPAWqDIt/6c=,eoCrf8aLUeqRACM4YFD6CWrxw4Y=
-1,6,xJs6RLCrFW7JgpghPPAWqDIt/6c=,eoCrf8aLUeqRACM4YFD6CWrxw4Y=
-2,6,xJs6RLCrFW7JgpghPPAWqDIt/6c=,eoCrf8aLUeqRACM4YFD6CWrxw4Y=
-6,0,xJs6RLCrFW7JgpghPPAWqDIt/6c=,eoCrf8aLUeqRACM4YFD6CWrxw4Y=
-3,6,xJs6RLCrFW7JgpghPPAWqDIt/6c=,eoCrf8aLUeqRACM4YFD6CWrxw4Y=
-4,6,xJs6RLCrFW7JgpghPPAWqDIt/6c=,eoCrf8aLUeqRACM4YFD6CWrxw4Y=
-5,6,xJs6RLCrFW7JgpghPPAWqDIt/6c=,eoCrf8aLUeqRACM4YFD6CWrxw4Y=
-6,6,xJs6RLCrFW7JgpghPPAWqDIt/6c=,eoCrf8aLUeqRACM4YFD6CWrxw4Y=
-7,6,xJs6RLCrFW7JgpghPPAWqDIt/6c=,eoCrf8aLUeqRACM4YFD6CWrxw4Y=
-8,6,xJs6RLCrFW7JgpghPPAWqDIt/6c=,eoCrf8aLUeqRACM4YFD6CWrxw4Y=
-8,1,xJs6RLCrFW7JgpghPPAWqDIt/6c=,eoCrf8aLUeqRACM4YFD6CWrxw4Y=
-1,5,xJs6RLCrFW7JgpghPPAWqDIt/6c=,eoCrf8aLUeqRACM4YFD6CWrxw4Y=
-2,5,xJs6RLCrFW7JgpghPPAWqDIt/6c=,eoCrf8aLUeqRACM4YFD6CWrxw4Y=
-8,3,xJs6RLCrFW7JgpghPPAWqDIt/6c=,eoCrf8aLUeqRACM4YFD6CWrxw4Y=
-3,5,xJs6RLCrFW7JgpghPPAWqDIt/6c=,eoCrf8aLUeqRACM4YFD6CWrxw4Y=
-4,5,xJs6RLCrFW7JgpghPPAWqDIt/6c=,eoCrf8aLUeqRACM4YFD6CWrxw4Y=
-5,5,xJs6RLCrFW7JgpghPPAWqDIt/6c=,eoCrf8aLUeqRACM4YFD6CWrxw4Y=
-6,5,xJs6RLCrFW7JgpghPPAWqDIt/6c=,eoCrf8aLUeqRACM4YFD6CWrxw4Y=
-7,5,xJs6RLCrFW7JgpghPPAWqDIt/6c=,eoCrf8aLUeqRACM4YFD6CWrxw4Y=
-8,5,xJs6RLCrFW7JgpghPPAWqDIt/6c=,eoCrf8aLUeqRACM4YFD6CWrxw4Y=
-1,4,xJs6RLCrFW7JgpghPPAWqDIt/6c=,eoCrf8aLUeqRACM4YFD6CWrxw4Y=
-2,4,xJs6RLCrFW7JgpghPPAWqDIt/6c=,eoCrf8aLUeqRACM4YFD6CWrxw4Y=
-4,2,xJs6RLCrFW7JgpghPPAWqDIt/6c=,eoCrf8aLUeqRACM4YFD6CWrxw4Y=
-3,4,xJs6RLCrFW7JgpghPPAWqDIt/6c=,eoCrf8aLUeqRACM4YFD6CWrxw4Y=
-4,4,xJs6RLCrFW7JgpghPPAWqDIt/6c=,eoCrf8aLUeqRACM4YFD6CWrxw4Y=
-5,4,xJs6RLCrFW7JgpghPPAWqDIt/6c=,eoCrf8aLUeqRACM4YFD6CWrxw4Y=
-6,4,xJs6RLCrFW7JgpghPPAWqDIt/6c=,eoCrf8aLUeqRACM4YFD6CWrxw4Y=
-7,4,xJs6RLCrFW7JgpghPPAWqDIt/6c=,eoCrf8aLUeqRACM4YFD6CWrxw4Y=
-8,4,xJs6RLCrFW7JgpghPPAWqDIt/6c=,eoCrf8aLUeqRACM4YFD6CWrxw4Y=
-1,3,xJs6RLCrFW7JgpghPPAWqDIt/6c=,eoCrf8aLUeqRACM4YFD6CWrxw4Y=
-2,3,xJs6RLCrFW7JgpghPPAWqDIt/6c=,eoCrf8aLUeqRACM4YFD6CWrxw4Y=
-2,1,xJs6RLCrFW7JgpghPPAWqDIt/6c=,eoCrf8aLUeqRACM4YFD6CWrxw4Y=
-3,2,xJs6RLCrFW7JgpghPPAWqDIt/6c=,eoCrf8aLUeqRACM4YFD6CWrxw4Y=
-1,1,xJs6RLCrFW7JgpghPPAWqDIt/6c=,eoCrf8aLUeqRACM4YFD6CWrxw4Y=
-3,3,xJs6RLCrFW7JgpghPPAWqDIt/6c=,eoCrf8aLUeqRACM4YFD6CWrxw4Y=
-4,1,xJs6RLCrFW7JgpghPPAWqDIt/6c=,eoCrf8aLUeqRACM4YFD6CWrxw4Y=
-7,0,xJs6RLCrFW7JgpghPPAWqDIt/6c=,eoCrf8aLUeqRACM4YFD6CWrxw4Y=
-1,0,xJs6RLCrFW7JgpghPPAWqDIt/6c=,eoCrf8aLUeqRACM4YFD6CWrxw4Y=
-4,3,xJs6RLCrFW7JgpghPPAWqDIt/6c=,eoCrf8aLUeqRACM4YFD6CWrxw4Y=
-1,2,xJs6RLCrFW7JgpghPPAWqDIt/6c=,eoCrf8aLUeqRACM4YFD6CWrxw4Y=
-2,0,xJs6RLCrFW7JgpghPPAWqDIt/6c=,eoCrf8aLUeqRACM4YFD6CWrxw4Y=
-4,0,xJs6RLCrFW7JgpghPPAWqDIt/6c=,eoCrf8aLUeqRACM4YFD6CWrxw4Y=
-3,0,xJs6RLCrFW7JgpghPPAWqDIt/6c=,eoCrf8aLUeqRACM4YFD6CWrxw4Y=
-3,1,xJs6RLCrFW7JgpghPPAWqDIt/6c=,eoCrf8aLUeqRACM4YFD6CWrxw4Y=
-2,2,xJs6RLCrFW7JgpghPPAWqDIt/6c=,eoCrf8aLUeqRACM4YFD6CWrxw4Y=
-13,3,xJs6RLCrFW7JgpghPPAWqDIt/6c=,Jp4my+tdyNNXtBrBTS0kd3YHKEU=
-12,3,xJs6RLCrFW7JgpghPPAWqDIt/6c=,Jp4my+tdyNNXtBrBTS0kd3YHKEU=
-14,3,xJs6RLCrFW7JgpghPPAWqDIt/6c=,Jp4my+tdyNNXtBrBTS0kd3YHKEU=
-10,7,xJs6RLCrFW7JgpghPPAWqDIt/6c=,Jp4my+tdyNNXtBrBTS0kd3YHKEU=
-12,7,xJs6RLCrFW7JgpghPPAWqDIt/6c=,Jp4my+tdyNNXtBrBTS0kd3YHKEU=
-13,7,xJs6RLCrFW7JgpghPPAWqDIt/6c=,Jp4my+tdyNNXtBrBTS0kd3YHKEU=
-15,3,xJs6RLCrFW7JgpghPPAWqDIt/6c=,Jp4my+tdyNNXtBrBTS0kd3YHKEU=
-11,7,xJs6RLCrFW7JgpghPPAWqDIt/6c=,Jp4my+tdyNNXtBrBTS0kd3YHKEU=
-14,7,xJs6RLCrFW7JgpghPPAWqDIt/6c=,Jp4my+tdyNNXtBrBTS0kd3YHKEU=
-16,3,xJs6RLCrFW7JgpghPPAWqDIt/6c=,Jp4my+tdyNNXtBrBTS0kd3YHKEU=
-15,7,xJs6RLCrFW7JgpghPPAWqDIt/6c=,Jp4my+tdyNNXtBrBTS0kd3YHKEU=
-16,7,xJs6RLCrFW7JgpghPPAWqDIt/6c=,Jp4my+tdyNNXtBrBTS0kd3YHKEU=
-10,6,xJs6RLCrFW7JgpghPPAWqDIt/6c=,Jp4my+tdyNNXtBrBTS0kd3YHKEU=
-11,6,xJs6RLCrFW7JgpghPPAWqDIt/6c=,Jp4my+tdyNNXtBrBTS0kd3YHKEU=
-10,2,xJs6RLCrFW7JgpghPPAWqDIt/6c=,Jp4my+tdyNNXtBrBTS0kd3YHKEU=
-11,2,xJs6RLCrFW7JgpghPPAWqDIt/6c=,Jp4my+tdyNNXtBrBTS0kd3YHKEU=
-13,6,xJs6RLCrFW7JgpghPPAWqDIt/6c=,Jp4my+tdyNNXtBrBTS0kd3YHKEU=
-12,6,xJs6RLCrFW7JgpghPPAWqDIt/6c=,Jp4my+tdyNNXtBrBTS0kd3YHKEU=
-13,2,xJs6RLCrFW7JgpghPPAWqDIt/6c=,Jp4my+tdyNNXtBrBTS0kd3YHKEU=
-14,2,xJs6RLCrFW7JgpghPPAWqDIt/6c=,Jp4my+tdyNNXtBrBTS0kd3YHKEU=
-12,2,xJs6RLCrFW7JgpghPPAWqDIt/6c=,Jp4my+tdyNNXtBrBTS0kd3YHKEU=
-15,2,xJs6RLCrFW7JgpghPPAWqDIt/6c=,Jp4my+tdyNNXtBrBTS0kd3YHKEU=
-10,1,xJs6RLCrFW7JgpghPPAWqDIt/6c=,Jp4my+tdyNNXtBrBTS0kd3YHKEU=
-11,1,xJs6RLCrFW7JgpghPPAWqDIt/6c=,Jp4my+tdyNNXtBrBTS0kd3YHKEU=
-12,1,xJs6RLCrFW7JgpghPPAWqDIt/6c=,Jp4my+tdyNNXtBrBTS0kd3YHKEU=
-14,1,xJs6RLCrFW7JgpghPPAWqDIt/6c=,Jp4my+tdyNNXtBrBTS0kd3YHKEU=
-13,1,xJs6RLCrFW7JgpghPPAWqDIt/6c=,Jp4my+tdyNNXtBrBTS0kd3YHKEU=
-15,1,xJs6RLCrFW7JgpghPPAWqDIt/6c=,Jp4my+tdyNNXtBrBTS0kd3YHKEU=
-16,1,xJs6RLCrFW7JgpghPPAWqDIt/6c=,Jp4my+tdyNNXtBrBTS0kd3YHKEU=
-14,6,xJs6RLCrFW7JgpghPPAWqDIt/6c=,Jp4my+tdyNNXtBrBTS0kd3YHKEU=
-15,6,xJs6RLCrFW7JgpghPPAWqDIt/6c=,Jp4my+tdyNNXtBrBTS0kd3YHKEU=
-16,2,xJs6RLCrFW7JgpghPPAWqDIt/6c=,Jp4my+tdyNNXtBrBTS0kd3YHKEU=
-16,6,xJs6RLCrFW7JgpghPPAWqDIt/6c=,Jp4my+tdyNNXtBrBTS0kd3YHKEU=
-10,5,xJs6RLCrFW7JgpghPPAWqDIt/6c=,Jp4my+tdyNNXtBrBTS0kd3YHKEU=
-13,0,xJs6RLCrFW7JgpghPPAWqDIt/6c=,Jp4my+tdyNNXtBrBTS0kd3YHKEU=
-14,0,xJs6RLCrFW7JgpghPPAWqDIt/6c=,Jp4my+tdyNNXtBrBTS0kd3YHKEU=
-11,5,xJs6RLCrFW7JgpghPPAWqDIt/6c=,Jp4my+tdyNNXtBrBTS0kd3YHKEU=
-15,0,xJs6RLCrFW7JgpghPPAWqDIt/6c=,Jp4my+tdyNNXtBrBTS0kd3YHKEU=
-12,5,xJs6RLCrFW7JgpghPPAWqDIt/6c=,Jp4my+tdyNNXtBrBTS0kd3YHKEU=
-16,0,xJs6RLCrFW7JgpghPPAWqDIt/6c=,Jp4my+tdyNNXtBrBTS0kd3YHKEU=
-13,5,xJs6RLCrFW7JgpghPPAWqDIt/6c=,Jp4my+tdyNNXtBrBTS0kd3YHKEU=
-14,5,xJs6RLCrFW7JgpghPPAWqDIt/6c=,Jp4my+tdyNNXtBrBTS0kd3YHKEU=
-15,5,xJs6RLCrFW7JgpghPPAWqDIt/6c=,Jp4my+tdyNNXtBrBTS0kd3YHKEU=
-10,4,xJs6RLCrFW7JgpghPPAWqDIt/6c=,Jp4my+tdyNNXtBrBTS0kd3YHKEU=
-16,5,xJs6RLCrFW7JgpghPPAWqDIt/6c=,Jp4my+tdyNNXtBrBTS0kd3YHKEU=
-11,4,xJs6RLCrFW7JgpghPPAWqDIt/6c=,Jp4my+tdyNNXtBrBTS0kd3YHKEU=
-13,4,xJs6RLCrFW7JgpghPPAWqDIt/6c=,Jp4my+tdyNNXtBrBTS0kd3YHKEU=
-12,4,xJs6RLCrFW7JgpghPPAWqDIt/6c=,Jp4my+tdyNNXtBrBTS0kd3YHKEU=
-15,4,xJs6RLCrFW7JgpghPPAWqDIt/6c=,Jp4my+tdyNNXtBrBTS0kd3YHKEU=
-14,4,xJs6RLCrFW7JgpghPPAWqDIt/6c=,Jp4my+tdyNNXtBrBTS0kd3YHKEU=
-16,4,xJs6RLCrFW7JgpghPPAWqDIt/6c=,Jp4my+tdyNNXtBrBTS0kd3YHKEU=
-10,3,xJs6RLCrFW7JgpghPPAWqDIt/6c=,Jp4my+tdyNNXtBrBTS0kd3YHKEU=
-11,3,xJs6RLCrFW7JgpghPPAWqDIt/6c=,Jp4my+tdyNNXtBrBTS0kd3YHKEU=
-12,0,xJs6RLCrFW7JgpghPPAWqDIt/6c=,Jp4my+tdyNNXtBrBTS0kd3YHKEU=
-11,0,xJs6RLCrFW7JgpghPPAWqDIt/6c=,Jp4my+tdyNNXtBrBTS0kd3YHKEU=
-10,0,xJs6RLCrFW7JgpghPPAWqDIt/6c=,Jp4my+tdyNNXtBrBTS0kd3YHKEU=
-9,7,xJs6RLCrFW7JgpghPPAWqDIt/6c=,Jp4my+tdyNNXtBrBTS0kd3YHKEU=
-9,2,xJs6RLCrFW7JgpghPPAWqDIt/6c=,Jp4my+tdyNNXtBrBTS0kd3YHKEU=
-9,6,xJs6RLCrFW7JgpghPPAWqDIt/6c=,Jp4my+tdyNNXtBrBTS0kd3YHKEU=
-9,1,xJs6RLCrFW7JgpghPPAWqDIt/6c=,Jp4my+tdyNNXtBrBTS0kd3YHKEU=
-9,5,xJs6RLCrFW7JgpghPPAWqDIt/6c=,Jp4my+tdyNNXtBrBTS0kd3YHKEU=
-9,0,xJs6RLCrFW7JgpghPPAWqDIt/6c=,Jp4my+tdyNNXtBrBTS0kd3YHKEU=
-9,4,xJs6RLCrFW7JgpghPPAWqDIt/6c=,Jp4my+tdyNNXtBrBTS0kd3YHKEU=
-9,3,xJs6RLCrFW7JgpghPPAWqDIt/6c=,Jp4my+tdyNNXtBrBTS0kd3YHKEU=
-15,9,feGe81p6P/ecxrrSZuxTqCScOE0=,KMais7DbL+UhUtJyRr+29pLVHeo=
-14,13,feGe81p6P/ecxrrSZuxTqCScOE0=,KMais7DbL+UhUtJyRr+29pLVHeo=
-13,13,feGe81p6P/ecxrrSZuxTqCScOE0=,KMais7DbL+UhUtJyRr+29pLVHeo=
-15,13,feGe81p6P/ecxrrSZuxTqCScOE0=,KMais7DbL+UhUtJyRr+29pLVHeo=
-11,14,feGe81p6P/ecxrrSZuxTqCScOE0=,KMais7DbL+UhUtJyRr+29pLVHeo=
-12,14,feGe81p6P/ecxrrSZuxTqCScOE0=,KMais7DbL+UhUtJyRr+29pLVHeo=
-10,14,feGe81p6P/ecxrrSZuxTqCScOE0=,KMais7DbL+UhUtJyRr+29pLVHeo=
-11,13,feGe81p6P/ecxrrSZuxTqCScOE0=,KMais7DbL+UhUtJyRr+29pLVHeo=
-14,14,feGe81p6P/ecxrrSZuxTqCScOE0=,KMais7DbL+UhUtJyRr+29pLVHeo=
-15,14,feGe81p6P/ecxrrSZuxTqCScOE0=,KMais7DbL+UhUtJyRr+29pLVHeo=
-13,14,feGe81p6P/ecxrrSZuxTqCScOE0=,KMais7DbL+UhUtJyRr+29pLVHeo=
-10,12,feGe81p6P/ecxrrSZuxTqCScOE0=,KMais7DbL+UhUtJyRr+29pLVHeo=
-12,13,feGe81p6P/ecxrrSZuxTqCScOE0=,KMais7DbL+UhUtJyRr+29pLVHeo=
-10,13,feGe81p6P/ecxrrSZuxTqCScOE0=,KMais7DbL+UhUtJyRr+29pLVHeo=
-11,12,feGe81p6P/ecxrrSZuxTqCScOE0=,KMais7DbL+UhUtJyRr+29pLVHeo=
-12,12,feGe81p6P/ecxrrSZuxTqCScOE0=,KMais7DbL+UhUtJyRr+29pLVHeo=
-13,12,feGe81p6P/ecxrrSZuxTqCScOE0=,KMais7DbL+UhUtJyRr+29pLVHeo=
-14,12,feGe81p6P/ecxrrSZuxTqCScOE0=,KMais7DbL+UhUtJyRr+29pLVHeo=
-15,12,feGe81p6P/ecxrrSZuxTqCScOE0=,KMais7DbL+UhUtJyRr+29pLVHeo=
-11,11,feGe81p6P/ecxrrSZuxTqCScOE0=,KMais7DbL+UhUtJyRr+29pLVHeo=
-10,11,feGe81p6P/ecxrrSZuxTqCScOE0=,KMais7DbL+UhUtJyRr+29pLVHeo=
-13,11,feGe81p6P/ecxrrSZuxTqCScOE0=,KMais7DbL+UhUtJyRr+29pLVHeo=
-12,11,feGe81p6P/ecxrrSZuxTqCScOE0=,KMais7DbL+UhUtJyRr+29pLVHeo=
-14,11,feGe81p6P/ecxrrSZuxTqCScOE0=,KMais7DbL+UhUtJyRr+29pLVHeo=
-15,11,feGe81p6P/ecxrrSZuxTqCScOE0=,KMais7DbL+UhUtJyRr+29pLVHeo=
-11,10,feGe81p6P/ecxrrSZuxTqCScOE0=,KMais7DbL+UhUtJyRr+29pLVHeo=
-12,10,feGe81p6P/ecxrrSZuxTqCScOE0=,KMais7DbL+UhUtJyRr+29pLVHeo=
-13,10,feGe81p6P/ecxrrSZuxTqCScOE0=,KMais7DbL+UhUtJyRr+29pLVHeo=
-10,10,feGe81p6P/ecxrrSZuxTqCScOE0=,KMais7DbL+UhUtJyRr+29pLVHeo=
-14,10,feGe81p6P/ecxrrSZuxTqCScOE0=,KMais7DbL+UhUtJyRr+29pLVHeo=
-15,10,feGe81p6P/ecxrrSZuxTqCScOE0=,KMais7DbL+UhUtJyRr+29pLVHeo=
-12,9,feGe81p6P/ecxrrSZuxTqCScOE0=,KMais7DbL+UhUtJyRr+29pLVHeo=
-13,9,feGe81p6P/ecxrrSZuxTqCScOE0=,KMais7DbL+UhUtJyRr+29pLVHeo=
-14,9,feGe81p6P/ecxrrSZuxTqCScOE0=,KMais7DbL+UhUtJyRr+29pLVHeo=
-11,9,feGe81p6P/ecxrrSZuxTqCScOE0=,KMais7DbL+UhUtJyRr+29pLVHeo=
-10,9,feGe81p6P/ecxrrSZuxTqCScOE0=,KMais7DbL+UhUtJyRr+29pLVHeo=
-10,15,feGe81p6P/ecxrrSZuxTqCScOE0=,KMais7DbL+UhUtJyRr+29pLVHeo=
-15,15,feGe81p6P/ecxrrSZuxTqCScOE0=,KMais7DbL+UhUtJyRr+29pLVHeo=
-11,15,feGe81p6P/ecxrrSZuxTqCScOE0=,KMais7DbL+UhUtJyRr+29pLVHeo=
-14,15,feGe81p6P/ecxrrSZuxTqCScOE0=,KMais7DbL+UhUtJyRr+29pLVHeo=
-12,15,feGe81p6P/ecxrrSZuxTqCScOE0=,KMais7DbL+UhUtJyRr+29pLVHeo=
-13,15,feGe81p6P/ecxrrSZuxTqCScOE0=,KMais7DbL+UhUtJyRr+29pLVHeo=
-16,9,feGe81p6P/ecxrrSZuxTqCScOE0=,KMais7DbL+UhUtJyRr+29pLVHeo=
-16,13,feGe81p6P/ecxrrSZuxTqCScOE0=,KMais7DbL+UhUtJyRr+29pLVHeo=
-16,14,feGe81p6P/ecxrrSZuxTqCScOE0=,KMais7DbL+UhUtJyRr+29pLVHeo=
-16,10,feGe81p6P/ecxrrSZuxTqCScOE0=,KMais7DbL+UhUtJyRr+29pLVHeo=
-16,12,feGe81p6P/ecxrrSZuxTqCScOE0=,KMais7DbL+UhUtJyRr+29pLVHeo=
-16,11,feGe81p6P/ecxrrSZuxTqCScOE0=,KMais7DbL+UhUtJyRr+29pLVHeo=
-16,15,feGe81p6P/ecxrrSZuxTqCScOE0=,KMais7DbL+UhUtJyRr+29pLVHeo=
-8,13,feGe81p6P/ecxrrSZuxTqCScOE0=,KMais7DbL+UhUtJyRr+29pLVHeo=
-3,14,gmrCGisC5YkF9f3JXv8ns/5NJbs=,KMais7DbL+UhUtJyRr+29pLVHeo=
-5,15,feGe81p6P/ecxrrSZuxTqCScOE0=,KMais7DbL+UhUtJyRr+29pLVHeo=
-6,15,feGe81p6P/ecxrrSZuxTqCScOE0=,KMais7DbL+UhUtJyRr+29pLVHeo=
-8,15,feGe81p6P/ecxrrSZuxTqCScOE0=,KMais7DbL+UhUtJyRr+29pLVHeo=
-7,15,feGe81p6P/ecxrrSZuxTqCScOE0=,KMais7DbL+UhUtJyRr+29pLVHeo=
-7,10,gmrCGisC5YkF9f3JXv8ns/5NJbs=,KMais7DbL+UhUtJyRr+29pLVHeo=
-4,14,gmrCGisC5YkF9f3JXv8ns/5NJbs=,KMais7DbL+UhUtJyRr+29pLVHeo=
-7,9,gmrCGisC5YkF9f3JXv8ns/5NJbs=,KMais7DbL+UhUtJyRr+29pLVHeo=
-5,9,gmrCGisC5YkF9f3JXv8ns/5NJbs=,KMais7DbL+UhUtJyRr+29pLVHeo=
-6,10,gmrCGisC5YkF9f3JXv8ns/5NJbs=,KMais7DbL+UhUtJyRr+29pLVHeo=
-1,14,feGe81p6P/ecxrrSZuxTqCScOE0=,KMais7DbL+UhUtJyRr+29pLVHeo=
-6,14,gmrCGisC5YkF9f3JXv8ns/5NJbs=,KMais7DbL+UhUtJyRr+29pLVHeo=
-5,14,gmrCGisC5YkF9f3JXv8ns/5NJbs=,KMais7DbL+UhUtJyRr+29pLVHeo=
-5,10,gmrCGisC5YkF9f3JXv8ns/5NJbs=,KMais7DbL+UhUtJyRr+29pLVHeo=
-2,14,gmrCGisC5YkF9f3JXv8ns/5NJbs=,KMais7DbL+UhUtJyRr+29pLVHeo=
-9,12,feGe81p6P/ecxrrSZuxTqCScOE0=,KMais7DbL+UhUtJyRr+29pLVHeo=
-9,15,feGe81p6P/ecxrrSZuxTqCScOE0=,KMais7DbL+UhUtJyRr+29pLVHeo=
-7,14,gmrCGisC5YkF9f3JXv8ns/5NJbs=,KMais7DbL+UhUtJyRr+29pLVHeo=
-9,14,feGe81p6P/ecxrrSZuxTqCScOE0=,KMais7DbL+UhUtJyRr+29pLVHeo=
-6,9,gmrCGisC5YkF9f3JXv8ns/5NJbs=,KMais7DbL+UhUtJyRr+29pLVHeo=
-8,10,feGe81p6P/ecxrrSZuxTqCScOE0=,KMais7DbL+UhUtJyRr+29pLVHeo=
-8,14,feGe81p6P/ecxrrSZuxTqCScOE0=,KMais7DbL+UhUtJyRr+29pLVHeo=
-1,9,feGe81p6P/ecxrrSZuxTqCScOE0=,KMais7DbL+UhUtJyRr+29pLVHeo=
-9,13,feGe81p6P/ecxrrSZuxTqCScOE0=,KMais7DbL+UhUtJyRr+29pLVHeo=
-8,9,feGe81p6P/ecxrrSZuxTqCScOE0=,KMais7DbL+UhUtJyRr+29pLVHeo=
-3,9,gmrCGisC5YkF9f3JXv8ns/5NJbs=,KMais7DbL+UhUtJyRr+29pLVHeo=
-1,13,feGe81p6P/ecxrrSZuxTqCScOE0=,KMais7DbL+UhUtJyRr+29pLVHeo=
-7,12,gmrCGisC5YkF9f3JXv8ns/5NJbs=,KMais7DbL+UhUtJyRr+29pLVHeo=
-9,11,feGe81p6P/ecxrrSZuxTqCScOE0=,KMais7DbL+UhUtJyRr+29pLVHeo=
-8,12,feGe81p6P/ecxrrSZuxTqCScOE0=,KMais7DbL+UhUtJyRr+29pLVHeo=
-2,12,gmrCGisC5YkF9f3JXv8ns/5NJbs=,KMais7DbL+UhUtJyRr+29pLVHeo=
-9,10,feGe81p6P/ecxrrSZuxTqCScOE0=,KMais7DbL+UhUtJyRr+29pLVHeo=
-3,12,gmrCGisC5YkF9f3JXv8ns/5NJbs=,KMais7DbL+UhUtJyRr+29pLVHeo=
-1,12,feGe81p6P/ecxrrSZuxTqCScOE0=,KMais7DbL+UhUtJyRr+29pLVHeo=
-4,12,gmrCGisC5YkF9f3JXv8ns/5NJbs=,KMais7DbL+UhUtJyRr+29pLVHeo=
-6,12,gmrCGisC5YkF9f3JXv8ns/5NJbs=,KMais7DbL+UhUtJyRr+29pLVHeo=
-4,9,gmrCGisC5YkF9f3JXv8ns/5NJbs=,KMais7DbL+UhUtJyRr+29pLVHeo=
-9,9,feGe81p6P/ecxrrSZuxTqCScOE0=,KMais7DbL+UhUtJyRr+29pLVHeo=
-5,12,gmrCGisC5YkF9f3JXv8ns/5NJbs=,KMais7DbL+UhUtJyRr+29pLVHeo=
-8,11,feGe81p6P/ecxrrSZuxTqCScOE0=,KMais7DbL+UhUtJyRr+29pLVHeo=
-2,11,gmrCGisC5YkF9f3JXv8ns/5NJbs=,KMais7DbL+UhUtJyRr+29pLVHeo=
-3,11,gmrCGisC5YkF9f3JXv8ns/5NJbs=,KMais7DbL+UhUtJyRr+29pLVHeo=
-7,11,gmrCGisC5YkF9f3JXv8ns/5NJbs=,KMais7DbL+UhUtJyRr+29pLVHeo=
-1,11,feGe81p6P/ecxrrSZuxTqCScOE0=,KMais7DbL+UhUtJyRr+29pLVHeo=
-1,15,feGe81p6P/ecxrrSZuxTqCScOE0=,KMais7DbL+UhUtJyRr+29pLVHeo=
-2,15,feGe81p6P/ecxrrSZuxTqCScOE0=,KMais7DbL+UhUtJyRr+29pLVHeo=
-3,15,feGe81p6P/ecxrrSZuxTqCScOE0=,KMais7DbL+UhUtJyRr+29pLVHeo=
-4,15,feGe81p6P/ecxrrSZuxTqCScOE0=,KMais7DbL+UhUtJyRr+29pLVHeo=
-4,11,gmrCGisC5YkF9f3JXv8ns/5NJbs=,KMais7DbL+UhUtJyRr+29pLVHeo=
-1,10,feGe81p6P/ecxrrSZuxTqCScOE0=,KMais7DbL+UhUtJyRr+29pLVHeo=
-2,10,gmrCGisC5YkF9f3JXv8ns/5NJbs=,KMais7DbL+UhUtJyRr+29pLVHeo=
-3,10,gmrCGisC5YkF9f3JXv8ns/5NJbs=,KMais7DbL+UhUtJyRr+29pLVHeo=
-6,11,gmrCGisC5YkF9f3JXv8ns/5NJbs=,KMais7DbL+UhUtJyRr+29pLVHeo=
-5,11,gmrCGisC5YkF9f3JXv8ns/5NJbs=,KMais7DbL+UhUtJyRr+29pLVHeo=
-7,13,gmrCGisC5YkF9f3JXv8ns/5NJbs=,KMais7DbL+UhUtJyRr+29pLVHeo=
-4,10,gmrCGisC5YkF9f3JXv8ns/5NJbs=,KMais7DbL+UhUtJyRr+29pLVHeo=
-2,9,gmrCGisC5YkF9f3JXv8ns/5NJbs=,KMais7DbL+UhUtJyRr+29pLVHeo=
-6,13,gmrCGisC5YkF9f3JXv8ns/5NJbs=,KMais7DbL+UhUtJyRr+29pLVHeo=
-2,13,gmrCGisC5YkF9f3JXv8ns/5NJbs=,KMais7DbL+UhUtJyRr+29pLVHeo=
-3,13,gmrCGisC5YkF9f3JXv8ns/5NJbs=,KMais7DbL+UhUtJyRr+29pLVHeo=
-4,13,gmrCGisC5YkF9f3JXv8ns/5NJbs=,KMais7DbL+UhUtJyRr+29pLVHeo=
-5,13,gmrCGisC5YkF9f3JXv8ns/5NJbs=,KMais7DbL+UhUtJyRr+29pLVHeo=
-16,8,xJs6RLCrFW7JgpghPPAWqDIt/6c=,KMais7DbL+UhUtJyRr+29pLVHeo=
-14,8,xJs6RLCrFW7JgpghPPAWqDIt/6c=,KMais7DbL+UhUtJyRr+29pLVHeo=
-15,8,xJs6RLCrFW7JgpghPPAWqDIt/6c=,KMais7DbL+UhUtJyRr+29pLVHeo=
-13,8,xJs6RLCrFW7JgpghPPAWqDIt/6c=,KMais7DbL+UhUtJyRr+29pLVHeo=
-12,8,xJs6RLCrFW7JgpghPPAWqDIt/6c=,KMais7DbL+UhUtJyRr+29pLVHeo=
-11,8,xJs6RLCrFW7JgpghPPAWqDIt/6c=,KMais7DbL+UhUtJyRr+29pLVHeo=
-10,8,xJs6RLCrFW7JgpghPPAWqDIt/6c=,KMais7DbL+UhUtJyRr+29pLVHeo=
-1,8,xJs6RLCrFW7JgpghPPAWqDIt/6c=,KMais7DbL+UhUtJyRr+29pLVHeo=
-2,8,xJs6RLCrFW7JgpghPPAWqDIt/6c=,KMais7DbL+UhUtJyRr+29pLVHeo=
-7,8,xJs6RLCrFW7JgpghPPAWqDIt/6c=,KMais7DbL+UhUtJyRr+29pLVHeo=
-4,8,xJs6RLCrFW7JgpghPPAWqDIt/6c=,KMais7DbL+UhUtJyRr+29pLVHeo=
-9,8,xJs6RLCrFW7JgpghPPAWqDIt/6c=,KMais7DbL+UhUtJyRr+29pLVHeo=
-6,8,xJs6RLCrFW7JgpghPPAWqDIt/6c=,KMais7DbL+UhUtJyRr+29pLVHeo=
-5,8,xJs6RLCrFW7JgpghPPAWqDIt/6c=,KMais7DbL+UhUtJyRr+29pLVHeo=
-3,8,xJs6RLCrFW7JgpghPPAWqDIt/6c=,KMais7DbL+UhUtJyRr+29pLVHeo=
-8,8,xJs6RLCrFW7JgpghPPAWqDIt/6c=,KMais7DbL+UhUtJyRr+29pLVHeo=
-20,11,Mnp5EWo5Ed2YFRYRVVyIjAlrQ4A=,sy56nLm1vnWXmX+DedQyT/5aokw=
-21,11,Mnp5EWo5Ed2YFRYRVVyIjAlrQ4A=,sy56nLm1vnWXmX+DedQyT/5aokw=
-18,15,Mnp5EWo5Ed2YFRYRVVyIjAlrQ4A=,sy56nLm1vnWXmX+DedQyT/5aokw=
-19,10,Mnp5EWo5Ed2YFRYRVVyIjAlrQ4A=,sy56nLm1vnWXmX+DedQyT/5aokw=
-19,15,Mnp5EWo5Ed2YFRYRVVyIjAlrQ4A=,sy56nLm1vnWXmX+DedQyT/5aokw=
-22,11,Mnp5EWo5Ed2YFRYRVVyIjAlrQ4A=,sy56nLm1vnWXmX+DedQyT/5aokw=
-20,15,Mnp5EWo5Ed2YFRYRVVyIjAlrQ4A=,sy56nLm1vnWXmX+DedQyT/5aokw=
-21,15,Mnp5EWo5Ed2YFRYRVVyIjAlrQ4A=,sy56nLm1vnWXmX+DedQyT/5aokw=
-22,15,Mnp5EWo5Ed2YFRYRVVyIjAlrQ4A=,sy56nLm1vnWXmX+DedQyT/5aokw=
-23,15,Mnp5EWo5Ed2YFRYRVVyIjAlrQ4A=,sy56nLm1vnWXmX+DedQyT/5aokw=
-20,10,Mnp5EWo5Ed2YFRYRVVyIjAlrQ4A=,sy56nLm1vnWXmX+DedQyT/5aokw=
-17,9,Mnp5EWo5Ed2YFRYRVVyIjAlrQ4A=,sy56nLm1vnWXmX+DedQyT/5aokw=
-17,14,Mnp5EWo5Ed2YFRYRVVyIjAlrQ4A=,sy56nLm1vnWXmX+DedQyT/5aokw=
-18,14,Mnp5EWo5Ed2YFRYRVVyIjAlrQ4A=,sy56nLm1vnWXmX+DedQyT/5aokw=
-19,14,Mnp5EWo5Ed2YFRYRVVyIjAlrQ4A=,sy56nLm1vnWXmX+DedQyT/5aokw=
-23,11,Mnp5EWo5Ed2YFRYRVVyIjAlrQ4A=,sy56nLm1vnWXmX+DedQyT/5aokw=
-20,14,Mnp5EWo5Ed2YFRYRVVyIjAlrQ4A=,sy56nLm1vnWXmX+DedQyT/5aokw=
-21,14,Mnp5EWo5Ed2YFRYRVVyIjAlrQ4A=,sy56nLm1vnWXmX+DedQyT/5aokw=
-22,14,Mnp5EWo5Ed2YFRYRVVyIjAlrQ4A=,sy56nLm1vnWXmX+DedQyT/5aokw=
-23,14,Mnp5EWo5Ed2YFRYRVVyIjAlrQ4A=,sy56nLm1vnWXmX+DedQyT/5aokw=
-24,14,Mnp5EWo5Ed2YFRYRVVyIjAlrQ4A=,sy56nLm1vnWXmX+DedQyT/5aokw=
-17,13,Mnp5EWo5Ed2YFRYRVVyIjAlrQ4A=,sy56nLm1vnWXmX+DedQyT/5aokw=
-18,13,Mnp5EWo5Ed2YFRYRVVyIjAlrQ4A=,sy56nLm1vnWXmX+DedQyT/5aokw=
-19,13,Mnp5EWo5Ed2YFRYRVVyIjAlrQ4A=,sy56nLm1vnWXmX+DedQyT/5aokw=
-23,9,Mnp5EWo5Ed2YFRYRVVyIjAlrQ4A=,sy56nLm1vnWXmX+DedQyT/5aokw=
-18,9,Mnp5EWo5Ed2YFRYRVVyIjAlrQ4A=,sy56nLm1vnWXmX+DedQyT/5aokw=
-24,9,Mnp5EWo5Ed2YFRYRVVyIjAlrQ4A=,sy56nLm1vnWXmX+DedQyT/5aokw=
-20,13,Mnp5EWo5Ed2YFRYRVVyIjAlrQ4A=,sy56nLm1vnWXmX+DedQyT/5aokw=
-21,13,Mnp5EWo5Ed2YFRYRVVyIjAlrQ4A=,sy56nLm1vnWXmX+DedQyT/5aokw=
-22,13,Mnp5EWo5Ed2YFRYRVVyIjAlrQ4A=,sy56nLm1vnWXmX+DedQyT/5aokw=
-23,13,Mnp5EWo5Ed2YFRYRVVyIjAlrQ4A=,sy56nLm1vnWXmX+DedQyT/5aokw=
-24,13,Mnp5EWo5Ed2YFRYRVVyIjAlrQ4A=,sy56nLm1vnWXmX+DedQyT/5aokw=
-17,12,Mnp5EWo5Ed2YFRYRVVyIjAlrQ4A=,sy56nLm1vnWXmX+DedQyT/5aokw=
-21,10,Mnp5EWo5Ed2YFRYRVVyIjAlrQ4A=,sy56nLm1vnWXmX+DedQyT/5aokw=
-19,9,Mnp5EWo5Ed2YFRYRVVyIjAlrQ4A=,sy56nLm1vnWXmX+DedQyT/5aokw=
-18,12,Mnp5EWo5Ed2YFRYRVVyIjAlrQ4A=,sy56nLm1vnWXmX+DedQyT/5aokw=
-21,9,Mnp5EWo5Ed2YFRYRVVyIjAlrQ4A=,sy56nLm1vnWXmX+DedQyT/5aokw=
-24,11,Mnp5EWo5Ed2YFRYRVVyIjAlrQ4A=,sy56nLm1vnWXmX+DedQyT/5aokw=
-22,10,Mnp5EWo5Ed2YFRYRVVyIjAlrQ4A=,sy56nLm1vnWXmX+DedQyT/5aokw=
-20,9,Mnp5EWo5Ed2YFRYRVVyIjAlrQ4A=,sy56nLm1vnWXmX+DedQyT/5aokw=
-20,12,Mnp5EWo5Ed2YFRYRVVyIjAlrQ4A=,sy56nLm1vnWXmX+DedQyT/5aokw=
-19,12,Mnp5EWo5Ed2YFRYRVVyIjAlrQ4A=,sy56nLm1vnWXmX+DedQyT/5aokw=
-21,12,Mnp5EWo5Ed2YFRYRVVyIjAlrQ4A=,sy56nLm1vnWXmX+DedQyT/5aokw=
-22,12,Mnp5EWo5Ed2YFRYRVVyIjAlrQ4A=,sy56nLm1vnWXmX+DedQyT/5aokw=
-23,12,Mnp5EWo5Ed2YFRYRVVyIjAlrQ4A=,sy56nLm1vnWXmX+DedQyT/5aokw=
-24,12,Mnp5EWo5Ed2YFRYRVVyIjAlrQ4A=,sy56nLm1vnWXmX+DedQyT/5aokw=
-23,10,Mnp5EWo5Ed2YFRYRVVyIjAlrQ4A=,sy56nLm1vnWXmX+DedQyT/5aokw=
-17,10,Mnp5EWo5Ed2YFRYRVVyIjAlrQ4A=,sy56nLm1vnWXmX+DedQyT/5aokw=
-22,9,Mnp5EWo5Ed2YFRYRVVyIjAlrQ4A=,sy56nLm1vnWXmX+DedQyT/5aokw=
-17,11,Mnp5EWo5Ed2YFRYRVVyIjAlrQ4A=,sy56nLm1vnWXmX+DedQyT/5aokw=
-24,10,Mnp5EWo5Ed2YFRYRVVyIjAlrQ4A=,sy56nLm1vnWXmX+DedQyT/5aokw=
-18,10,Mnp5EWo5Ed2YFRYRVVyIjAlrQ4A=,sy56nLm1vnWXmX+DedQyT/5aokw=
-18,11,Mnp5EWo5Ed2YFRYRVVyIjAlrQ4A=,sy56nLm1vnWXmX+DedQyT/5aokw=
-19,11,Mnp5EWo5Ed2YFRYRVVyIjAlrQ4A=,sy56nLm1vnWXmX+DedQyT/5aokw=
-17,15,Mnp5EWo5Ed2YFRYRVVyIjAlrQ4A=,sy56nLm1vnWXmX+DedQyT/5aokw=
-24,15,Mnp5EWo5Ed2YFRYRVVyIjAlrQ4A=,sy56nLm1vnWXmX+DedQyT/5aokw=
-24,8,b73FhbJem/K3ecg/PldAFobji3g=,sy56nLm1vnWXmX+DedQyT/5aokw=
-22,3,b73FhbJem/K3ecg/PldAFobji3g=,108ss7Sr1Ncz2iOf1dtJwYwD/f0=
-21,3,b73FhbJem/K3ecg/PldAFobji3g=,108ss7Sr1Ncz2iOf1dtJwYwD/f0=
-17,7,b73FhbJem/K3ecg/PldAFobji3g=,108ss7Sr1Ncz2iOf1dtJwYwD/f0=
-21,8,b73FhbJem/K3ecg/PldAFobji3g=,sy56nLm1vnWXmX+DedQyT/5aokw=
-18,7,b73FhbJem/K3ecg/PldAFobji3g=,108ss7Sr1Ncz2iOf1dtJwYwD/f0=
-20,7,b73FhbJem/K3ecg/PldAFobji3g=,108ss7Sr1Ncz2iOf1dtJwYwD/f0=
-19,7,b73FhbJem/K3ecg/PldAFobji3g=,108ss7Sr1Ncz2iOf1dtJwYwD/f0=
-24,3,b73FhbJem/K3ecg/PldAFobji3g=,108ss7Sr1Ncz2iOf1dtJwYwD/f0=
-23,3,b73FhbJem/K3ecg/PldAFobji3g=,108ss7Sr1Ncz2iOf1dtJwYwD/f0=
-22,7,b73FhbJem/K3ecg/PldAFobji3g=,108ss7Sr1Ncz2iOf1dtJwYwD/f0=
-21,7,b73FhbJem/K3ecg/PldAFobji3g=,108ss7Sr1Ncz2iOf1dtJwYwD/f0=
-24,7,b73FhbJem/K3ecg/PldAFobji3g=,108ss7Sr1Ncz2iOf1dtJwYwD/f0=
-23,7,b73FhbJem/K3ecg/PldAFobji3g=,108ss7Sr1Ncz2iOf1dtJwYwD/f0=
-17,6,b73FhbJem/K3ecg/PldAFobji3g=,108ss7Sr1Ncz2iOf1dtJwYwD/f0=
-19,2,b73FhbJem/K3ecg/PldAFobji3g=,108ss7Sr1Ncz2iOf1dtJwYwD/f0=
-20,2,b73FhbJem/K3ecg/PldAFobji3g=,108ss7Sr1Ncz2iOf1dtJwYwD/f0=
-24,2,b73FhbJem/K3ecg/PldAFobji3g=,108ss7Sr1Ncz2iOf1dtJwYwD/f0=
-22,2,b73FhbJem/K3ecg/PldAFobji3g=,108ss7Sr1Ncz2iOf1dtJwYwD/f0=
-21,2,b73FhbJem/K3ecg/PldAFobji3g=,108ss7Sr1Ncz2iOf1dtJwYwD/f0=
-23,2,b73FhbJem/K3ecg/PldAFobji3g=,108ss7Sr1Ncz2iOf1dtJwYwD/f0=
-18,6,b73FhbJem/K3ecg/PldAFobji3g=,108ss7Sr1Ncz2iOf1dtJwYwD/f0=
-20,6,b73FhbJem/K3ecg/PldAFobji3g=,108ss7Sr1Ncz2iOf1dtJwYwD/f0=
-19,6,b73FhbJem/K3ecg/PldAFobji3g=,108ss7Sr1Ncz2iOf1dtJwYwD/f0=
-22,6,b73FhbJem/K3ecg/PldAFobji3g=,108ss7Sr1Ncz2iOf1dtJwYwD/f0=
-23,6,b73FhbJem/K3ecg/PldAFobji3g=,108ss7Sr1Ncz2iOf1dtJwYwD/f0=
-21,6,b73FhbJem/K3ecg/PldAFobji3g=,108ss7Sr1Ncz2iOf1dtJwYwD/f0=
-24,6,b73FhbJem/K3ecg/PldAFobji3g=,108ss7Sr1Ncz2iOf1dtJwYwD/f0=
-18,5,b73FhbJem/K3ecg/PldAFobji3g=,108ss7Sr1Ncz2iOf1dtJwYwD/f0=
-19,1,b73FhbJem/K3ecg/PldAFobji3g=,108ss7Sr1Ncz2iOf1dtJwYwD/f0=
-20,5,b73FhbJem/K3ecg/PldAFobji3g=,108ss7Sr1Ncz2iOf1dtJwYwD/f0=
-19,5,b73FhbJem/K3ecg/PldAFobji3g=,108ss7Sr1Ncz2iOf1dtJwYwD/f0=
-21,5,b73FhbJem/K3ecg/PldAFobji3g=,108ss7Sr1Ncz2iOf1dtJwYwD/f0=
-20,1,b73FhbJem/K3ecg/PldAFobji3g=,108ss7Sr1Ncz2iOf1dtJwYwD/f0=
-22,5,b73FhbJem/K3ecg/PldAFobji3g=,108ss7Sr1Ncz2iOf1dtJwYwD/f0=
-21,1,b73FhbJem/K3ecg/PldAFobji3g=,108ss7Sr1Ncz2iOf1dtJwYwD/f0=
-22,1,b73FhbJem/K3ecg/PldAFobji3g=,108ss7Sr1Ncz2iOf1dtJwYwD/f0=
-23,5,b73FhbJem/K3ecg/PldAFobji3g=,108ss7Sr1Ncz2iOf1dtJwYwD/f0=
-24,5,b73FhbJem/K3ecg/PldAFobji3g=,108ss7Sr1Ncz2iOf1dtJwYwD/f0=
-23,1,b73FhbJem/K3ecg/PldAFobji3g=,108ss7Sr1Ncz2iOf1dtJwYwD/f0=
-17,5,b73FhbJem/K3ecg/PldAFobji3g=,108ss7Sr1Ncz2iOf1dtJwYwD/f0=
-19,4,b73FhbJem/K3ecg/PldAFobji3g=,108ss7Sr1Ncz2iOf1dtJwYwD/f0=
-18,4,b73FhbJem/K3ecg/PldAFobji3g=,108ss7Sr1Ncz2iOf1dtJwYwD/f0=
-18,2,b73FhbJem/K3ecg/PldAFobji3g=,108ss7Sr1Ncz2iOf1dtJwYwD/f0=
-24,1,b73FhbJem/K3ecg/PldAFobji3g=,108ss7Sr1Ncz2iOf1dtJwYwD/f0=
-19,0,b73FhbJem/K3ecg/PldAFobji3g=,108ss7Sr1Ncz2iOf1dtJwYwD/f0=
-20,4,b73FhbJem/K3ecg/PldAFobji3g=,108ss7Sr1Ncz2iOf1dtJwYwD/f0=
-21,4,b73FhbJem/K3ecg/PldAFobji3g=,108ss7Sr1Ncz2iOf1dtJwYwD/f0=
-23,4,b73FhbJem/K3ecg/PldAFobji3g=,108ss7Sr1Ncz2iOf1dtJwYwD/f0=
-22,4,b73FhbJem/K3ecg/PldAFobji3g=,108ss7Sr1Ncz2iOf1dtJwYwD/f0=
-24,4,b73FhbJem/K3ecg/PldAFobji3g=,108ss7Sr1Ncz2iOf1dtJwYwD/f0=
-20,0,b73FhbJem/K3ecg/PldAFobji3g=,108ss7Sr1Ncz2iOf1dtJwYwD/f0=
-21,0,b73FhbJem/K3ecg/PldAFobji3g=,108ss7Sr1Ncz2iOf1dtJwYwD/f0=
-18,1,b73FhbJem/K3ecg/PldAFobji3g=,108ss7Sr1Ncz2iOf1dtJwYwD/f0=
-22,0,b73FhbJem/K3ecg/PldAFobji3g=,108ss7Sr1Ncz2iOf1dtJwYwD/f0=
-23,0,b73FhbJem/K3ecg/PldAFobji3g=,108ss7Sr1Ncz2iOf1dtJwYwD/f0=
-24,0,b73FhbJem/K3ecg/PldAFobji3g=,108ss7Sr1Ncz2iOf1dtJwYwD/f0=
-22,8,b73FhbJem/K3ecg/PldAFobji3g=,sy56nLm1vnWXmX+DedQyT/5aokw=
-23,8,b73FhbJem/K3ecg/PldAFobji3g=,sy56nLm1vnWXmX+DedQyT/5aokw=
-17,4,b73FhbJem/K3ecg/PldAFobji3g=,108ss7Sr1Ncz2iOf1dtJwYwD/f0=
-19,3,b73FhbJem/K3ecg/PldAFobji3g=,108ss7Sr1Ncz2iOf1dtJwYwD/f0=
-20,3,b73FhbJem/K3ecg/PldAFobji3g=,108ss7Sr1Ncz2iOf1dtJwYwD/f0=
-17,8,b73FhbJem/K3ecg/PldAFobji3g=,sy56nLm1vnWXmX+DedQyT/5aokw=
-18,8,b73FhbJem/K3ecg/PldAFobji3g=,sy56nLm1vnWXmX+DedQyT/5aokw=
-19,8,b73FhbJem/K3ecg/PldAFobji3g=,sy56nLm1vnWXmX+DedQyT/5aokw=
-20,8,b73FhbJem/K3ecg/PldAFobji3g=,sy56nLm1vnWXmX+DedQyT/5aokw=
-17,2,b73FhbJem/K3ecg/PldAFobji3g=,108ss7Sr1Ncz2iOf1dtJwYwD/f0=
-17,1,b73FhbJem/K3ecg/PldAFobji3g=,108ss7Sr1Ncz2iOf1dtJwYwD/f0=
-18,0,b73FhbJem/K3ecg/PldAFobji3g=,108ss7Sr1Ncz2iOf1dtJwYwD/f0=
-18,3,b73FhbJem/K3ecg/PldAFobji3g=,108ss7Sr1Ncz2iOf1dtJwYwD/f0=
-17,0,b73FhbJem/K3ecg/PldAFobji3g=,108ss7Sr1Ncz2iOf1dtJwYwD/f0=
-17,3,b73FhbJem/K3ecg/PldAFobji3g=,108ss7Sr1Ncz2iOf1dtJwYwD/f0=
-3,20,MyOz3eGOjmxIWnUFy4jHio09JRY=,KQ6kC827fS8dNcloeTmUnp4APkk=
-7,17,MyOz3eGOjmxIWnUFy4jHio09JRY=,KQ6kC827fS8dNcloeTmUnp4APkk=
-1,17,MyOz3eGOjmxIWnUFy4jHio09JRY=,KQ6kC827fS8dNcloeTmUnp4APkk=
-3,17,MyOz3eGOjmxIWnUFy4jHio09JRY=,KQ6kC827fS8dNcloeTmUnp4APkk=
-2,17,MyOz3eGOjmxIWnUFy4jHio09JRY=,KQ6kC827fS8dNcloeTmUnp4APkk=
-4,20,MyOz3eGOjmxIWnUFy4jHio09JRY=,KQ6kC827fS8dNcloeTmUnp4APkk=
-3,19,MyOz3eGOjmxIWnUFy4jHio09JRY=,KQ6kC827fS8dNcloeTmUnp4APkk=
-4,17,MyOz3eGOjmxIWnUFy4jHio09JRY=,KQ6kC827fS8dNcloeTmUnp4APkk=
-5,21,MyOz3eGOjmxIWnUFy4jHio09JRY=,KQ6kC827fS8dNcloeTmUnp4APkk=
-5,17,MyOz3eGOjmxIWnUFy4jHio09JRY=,KQ6kC827fS8dNcloeTmUnp4APkk=
-6,17,MyOz3eGOjmxIWnUFy4jHio09JRY=,KQ6kC827fS8dNcloeTmUnp4APkk=
-7,21,MyOz3eGOjmxIWnUFy4jHio09JRY=,KQ6kC827fS8dNcloeTmUnp4APkk=
-4,19,MyOz3eGOjmxIWnUFy4jHio09JRY=,KQ6kC827fS8dNcloeTmUnp4APkk=
-1,18,MyOz3eGOjmxIWnUFy4jHio09JRY=,KQ6kC827fS8dNcloeTmUnp4APkk=
-8,21,MyOz3eGOjmxIWnUFy4jHio09JRY=,KQ6kC827fS8dNcloeTmUnp4APkk=
-5,19,MyOz3eGOjmxIWnUFy4jHio09JRY=,KQ6kC827fS8dNcloeTmUnp4APkk=
-6,19,MyOz3eGOjmxIWnUFy4jHio09JRY=,KQ6kC827fS8dNcloeTmUnp4APkk=
-1,20,MyOz3eGOjmxIWnUFy4jHio09JRY=,KQ6kC827fS8dNcloeTmUnp4APkk=
-6,21,MyOz3eGOjmxIWnUFy4jHio09JRY=,KQ6kC827fS8dNcloeTmUnp4APkk=
-5,20,MyOz3eGOjmxIWnUFy4jHio09JRY=,KQ6kC827fS8dNcloeTmUnp4APkk=
-2,18,MyOz3eGOjmxIWnUFy4jHio09JRY=,KQ6kC827fS8dNcloeTmUnp4APkk=
-8,17,MyOz3eGOjmxIWnUFy4jHio09JRY=,KQ6kC827fS8dNcloeTmUnp4APkk=
-7,19,MyOz3eGOjmxIWnUFy4jHio09JRY=,KQ6kC827fS8dNcloeTmUnp4APkk=
-2,23,MyOz3eGOjmxIWnUFy4jHio09JRY=,KQ6kC827fS8dNcloeTmUnp4APkk=
-1,23,MyOz3eGOjmxIWnUFy4jHio09JRY=,KQ6kC827fS8dNcloeTmUnp4APkk=
-3,23,MyOz3eGOjmxIWnUFy4jHio09JRY=,KQ6kC827fS8dNcloeTmUnp4APkk=
-4,23,MyOz3eGOjmxIWnUFy4jHio09JRY=,KQ6kC827fS8dNcloeTmUnp4APkk=
-3,18,MyOz3eGOjmxIWnUFy4jHio09JRY=,KQ6kC827fS8dNcloeTmUnp4APkk=
-2,19,MyOz3eGOjmxIWnUFy4jHio09JRY=,KQ6kC827fS8dNcloeTmUnp4APkk=
-2,20,MyOz3eGOjmxIWnUFy4jHio09JRY=,KQ6kC827fS8dNcloeTmUnp4APkk=
-6,20,MyOz3eGOjmxIWnUFy4jHio09JRY=,KQ6kC827fS8dNcloeTmUnp4APkk=
-5,23,MyOz3eGOjmxIWnUFy4jHio09JRY=,KQ6kC827fS8dNcloeTmUnp4APkk=
-6,23,MyOz3eGOjmxIWnUFy4jHio09JRY=,KQ6kC827fS8dNcloeTmUnp4APkk=
-7,23,MyOz3eGOjmxIWnUFy4jHio09JRY=,KQ6kC827fS8dNcloeTmUnp4APkk=
-8,19,MyOz3eGOjmxIWnUFy4jHio09JRY=,KQ6kC827fS8dNcloeTmUnp4APkk=
-8,18,MyOz3eGOjmxIWnUFy4jHio09JRY=,KQ6kC827fS8dNcloeTmUnp4APkk=
-1,22,MyOz3eGOjmxIWnUFy4jHio09JRY=,KQ6kC827fS8dNcloeTmUnp4APkk=
-2,22,MyOz3eGOjmxIWnUFy4jHio09JRY=,KQ6kC827fS8dNcloeTmUnp4APkk=
-8,23,MyOz3eGOjmxIWnUFy4jHio09JRY=,KQ6kC827fS8dNcloeTmUnp4APkk=
-3,22,MyOz3eGOjmxIWnUFy4jHio09JRY=,KQ6kC827fS8dNcloeTmUnp4APkk=
-4,18,MyOz3eGOjmxIWnUFy4jHio09JRY=,KQ6kC827fS8dNcloeTmUnp4APkk=
-5,22,MyOz3eGOjmxIWnUFy4jHio09JRY=,KQ6kC827fS8dNcloeTmUnp4APkk=
-6,22,MyOz3eGOjmxIWnUFy4jHio09JRY=,KQ6kC827fS8dNcloeTmUnp4APkk=
-7,18,MyOz3eGOjmxIWnUFy4jHio09JRY=,KQ6kC827fS8dNcloeTmUnp4APkk=
-7,20,MyOz3eGOjmxIWnUFy4jHio09JRY=,KQ6kC827fS8dNcloeTmUnp4APkk=
-7,22,MyOz3eGOjmxIWnUFy4jHio09JRY=,KQ6kC827fS8dNcloeTmUnp4APkk=
-5,18,MyOz3eGOjmxIWnUFy4jHio09JRY=,KQ6kC827fS8dNcloeTmUnp4APkk=
-4,22,MyOz3eGOjmxIWnUFy4jHio09JRY=,KQ6kC827fS8dNcloeTmUnp4APkk=
-1,19,MyOz3eGOjmxIWnUFy4jHio09JRY=,KQ6kC827fS8dNcloeTmUnp4APkk=
-8,22,MyOz3eGOjmxIWnUFy4jHio09JRY=,KQ6kC827fS8dNcloeTmUnp4APkk=
-1,21,MyOz3eGOjmxIWnUFy4jHio09JRY=,KQ6kC827fS8dNcloeTmUnp4APkk=
-3,21,MyOz3eGOjmxIWnUFy4jHio09JRY=,KQ6kC827fS8dNcloeTmUnp4APkk=
-2,21,MyOz3eGOjmxIWnUFy4jHio09JRY=,KQ6kC827fS8dNcloeTmUnp4APkk=
-4,21,MyOz3eGOjmxIWnUFy4jHio09JRY=,KQ6kC827fS8dNcloeTmUnp4APkk=
-6,18,MyOz3eGOjmxIWnUFy4jHio09JRY=,KQ6kC827fS8dNcloeTmUnp4APkk=
-8,20,MyOz3eGOjmxIWnUFy4jHio09JRY=,KQ6kC827fS8dNcloeTmUnp4APkk=
-7,16,MyOz3eGOjmxIWnUFy4jHio09JRY=,KQ6kC827fS8dNcloeTmUnp4APkk=
-8,16,MyOz3eGOjmxIWnUFy4jHio09JRY=,KQ6kC827fS8dNcloeTmUnp4APkk=
-4,16,MyOz3eGOjmxIWnUFy4jHio09JRY=,KQ6kC827fS8dNcloeTmUnp4APkk=
-6,16,MyOz3eGOjmxIWnUFy4jHio09JRY=,KQ6kC827fS8dNcloeTmUnp4APkk=
-5,16,MyOz3eGOjmxIWnUFy4jHio09JRY=,KQ6kC827fS8dNcloeTmUnp4APkk=
-3,16,MyOz3eGOjmxIWnUFy4jHio09JRY=,KQ6kC827fS8dNcloeTmUnp4APkk=
-2,16,MyOz3eGOjmxIWnUFy4jHio09JRY=,KQ6kC827fS8dNcloeTmUnp4APkk=
-1,16,MyOz3eGOjmxIWnUFy4jHio09JRY=,KQ6kC827fS8dNcloeTmUnp4APkk=
